time;sensor_PT100_1;sensor_PT100_2;sensor_PT100_3;sensor_PT100_4;sensor_humidity_1;sensor_TH_1;sensor_humidity_2;sensor_TH_2;product_humidity
1200.0;42.704446;20.340928;33.734604;33.477522;53.530731;24.618662;69.220905;29.148444;0.1064
1800.0;42.68823;20.239821;35.665949;35.472848;55.43413;25.390247;73.542059;31.514964;0.0989
2377.6;42.872938;20.468275;37.66456;37.464737;51.421559;26.161832;72.307444;33.41847;0.0765
3000.0;42.966222;20.62432;43.234286;43.109852;51.678775;26.984857;57.543501;36.813913;0.0427
3608.6;42.787069;20.415187;47.324507;48.019592;48.695068;27.85932;43.911289;40.723816;0.0626
4015.5;42.884212;20.466434;48.261643;49.023545;47.61476;28.322271;40.001673;41.958523;0.0577