time;sensor_PT100_1;sensor_PT100_2;sensor_PT100_3;sensor_PT100_4;sensor_humidity_1;sensor_TH_1;sensor_humidity_2;sensor_TH_2;product_humidity
600.0;39.247216;20.110641;39.755244;34.402703;52.24465;28.630905;62.018982;32.132318;0.0860
1200.0;39.14231;20.007547;40.545028;34.957533;51.575888;28.888101;64.64254;32.698225;0.0806
1800.0;39.00779;19.855058;42.608329;37.371444;50.495581;29.248174;64.591098;33.264132;0.1081
2400.0;39.099887;19.946029;43.860052;38.653251;49.929705;29.505369;61.504559;34.087269;0.1110
3000.0;38.765759;19.603483;48.264118;42.810665;49.158057;29.916881;53.531001;36.093667;0.0784
3600.0;38.515725;19.367572;50.365785;44.682217;48.026306;30.174076;48.181001;37.894281;0.0788
4200.0;38.315681;19.191493;51.882587;46.110919;47.100328;30.48271;44.83725;39.180433;0.0635
4800.6;37.974229;18.823873;52.471721;46.591464;46.32868;30.637027;42.779558;39.900679;0.0760
5220.3;37.951251;18.769738;52.465525;46.666614;46.071464;30.791344;41.4935;40.055017;0.0629