time;sensor_PT100_1;sensor_PT100_2;sensor_PT100_3;sensor_PT100_4;sensor_humidity_1;sensor_TH_1;sensor_humidity_2;sensor_TH_2;product_humidity
1800.0;39.547293;17.522881;32.22971;32.242652;69.478129;24.875857;70.095425;30.280258;0.1238
2400.0;39.359684;17.201275;32.532236;32.666236;67.368957;25.081613;74.159367;31.463518;0.1187
3000.0;39.436979;17.257837;33.199583;33.385881;66.751638;25.493125;76.319944;32.183764;0.1078
3600.0;39.43451;17.225034;34.629423;34.614239;65.928547;26.058954;75.033886;32.955455;0.1017
4020.3;39.151875;17.101488;35.238325;35.190524;64.025147;26.31615;72.256002;33.521362;0.0791