time;sensor_PT100_1;sensor_PT100_2;sensor_PT100_3;sensor_PT100_4;sensor_humidity_1;sensor_TH_1;sensor_humidity_2;sensor_TH_2;product_humidity
605.0;34.692581;-49.971294;32.797527;30.750143;76.474407;21.275126;72.718982;26.318908;0.1092
1200.0;34.564248;-49.301255;33.84781;31.287746;77.143169;21.06937;80.641098;27.605061;0.1417
1800.0;34.606922;-48.679646;33.823012;31.42443;77.297498;21.01793;83.264656;28.27386;0.1553
2400.0;34.507863;-48.391277;33.931139;31.414117;77.863374;20.915052;83.779079;28.685429;0.1772
3000.0;34.599065;-48.014317;33.79421;31.306062;78.069147;21.06937;84.139175;28.582537;0.1355
3420.0;34.604149;-47.909657;33.834102;31.414425;77.863374;21.06937;84.447829;28.582537;0.1614