time;sensor_PT100_1;sensor_PT100_2;sensor_PT100_3;sensor_PT100_4;sensor_humidity_1;sensor_TH_1;sensor_humidity_2;sensor_TH_2;product_humidity
600.0;38.578348;-14.856941;31.214715;30.408204;47.92342;27.190613;63.768021;31.051949;0.0956
1200.0;38.58606;-14.830369;32.000793;31.439823;48.900841;27.602125;70.609848;31.360626;0.1239
1800.0;38.5239;-14.875466;32.509603;32.064212;48.283522;28.065076;72.976194;31.772195;0.1209
2400.0;38.58097;-14.80319;33.147225;33.06015;46.431566;28.733783;70.815617;32.49244;0.1140
3000.0;38.476703;-14.865748;34.309608;34.52457;45.042599;29.248174;65.928598;33.624254;0.0994
3600.0;38.488116;-14.88989;35.056968;35.474543;44.425281;29.762564;61.658886;34.704623;0.0935
4020.5;38.424262;-14.953661;35.358363;35.645305;43.447859;30.019759;58.263693;35.321976;0.0750