time;sensor_PT100_1;sensor_PT100_2;sensor_PT100_3;sensor_PT100_4;sensor_humidity_1;sensor_TH_1;sensor_humidity_2;sensor_TH_2;product_humidity
600.0;38.167005;16.006942;30.774579;30.437287;57.080313;26.31615;67.060328;29.302782;0.0779
1200.0;37.972379;15.933239;30.130023;30.049989;56.617324;26.573345;72.410329;29.354228;0.1061
1800.0;37.779769;15.800854;29.863405;29.703813;55.845676;26.83054;76.114175;29.354228;0.1317
2400.0;37.583777;15.562911;29.869713;29.773815;55.691346;27.34493;78.171867;29.354228;0.1304
3000.0;37.689096;15.699271;30.039558;29.856588;54.456709;27.653564;78.583406;29.148444;0.139
3600.0;37.709914;15.681651;30.05279;29.666428;53.170628;28.116515;79.149271;29.148444;0.1302
4020.0;37.552167;15.606883;29.993096;29.570737;52.656196;28.322271;79.457925;29.096998;0.0941