time;sensor_PT100_1;sensor_PT100_2;sensor_PT100_3;sensor_PT100_4;sensor_humidity_1;sensor_TH_1;sensor_humidity_2;sensor_TH_2;product_humidity
600.0;40.513587;23.022066;36.562517;35.38223;36.451582;28.425149;60.732924;32.852563;0.0944
1200.0;40.75806;23.218308;37.997803;37.000612;34.290966;28.93954;61.556001;33.830039;0.1239
1800.0;40.828133;23.268983;44.201948;43.264166;32.43901;29.814003;48.026674;37.37982;0.128
2400.0;40.941889;23.364192;50.868264;49.163123;30.741384;30.739905;31.616577;43.604798;0.1006
3000.0;41.09393;23.495646;53.439897;53.59598;29.146644;31.56293;25.803596;46.845902;0.0709
3600.0;40.987423;23.384463;54.398437;55.130357;28.735099;32.334515;21.379557;49.006638;0.0634
4201.0;40.967512;23.347453;52.505641;51.652521;27.860564;32.900344;22.819942;49.058084;0.0589
4800.0;41.104581;23.471382;53.139655;52.310593;26.780256;33.414734;20.710807;50.344237;0.0470