{
    "LinearRegression": {
        "MSE": 16.46648089210625,
        "Score": 96.64752287304013
    },
    "Ridge": {
        "MSE": 14.28179650778896,
        "Score": 97.09231156080166
    },
    "Lasso": {
        "MSE": 27.205631410742733,
        "Score": 94.46109599090244
    },
    "Lars": {
        "MSE": 16.466480892098843,
        "Score": 96.64752287304165
    },
    "ElasticNet": {
        "MSE": 40.04757464452837,
        "Score": 91.84655307556575
    },
    "BayesianRidge": {
        "MSE": 15.446263707500155,
        "Score": 96.85523299631019
    },
    "SGDRegressor": {
        "MSE": 13.451682353870268,
        "Score": 97.26131784283683
    },
    "TheilSenRegressor": {
        "MSE": 13.522346253742288,
        "Score": 97.24693109502016
    },
    "HuberRegressor": {
        "MSE": 15.131857195414657,
        "Score": 96.91924428367878
    },
    "PoissonRegressor": {
        "MSE": 27.377500530521097,
        "Score": 94.08842791788936
    },
    "SVR": {
        "MSE": 264.5775967103665,
        "Score": 46.133582087796135
    },
    "NuSVR": {
        "MSE": 353.61596928726465,
        "Score": 28.005901410810885
    },
    "KNeighborsRegressor": {
        "MSE": 15.012492095524825,
        "Score": 96.94354630484285
    },
    "RadiusNeighborsRegressor": {
        "MSE": 155.0172004701134,
        "Score": 68.43942416922015
    },
    "GaussianProcessRegressor": {
        "MSE": 16.466520546540487,
        "Score": 96.64751479963425
    },
    "DecisionTreeRegressor": {
        "MSE": 16.46648089210626,
        "Score": 96.64752287304013
    },
    "ExtraTreeRegressor": {
        "MSE": 16.46648089210626,
        "Score": 96.64752287304013
    },
    "BaggingRegressor": {
        "MSE": 8.513245638864358,
        "Score": 98.26675405221735
    },
    "AdaBoostRegressor": {
        "MSE": 7.967428635050484,
        "Score": 98.37787913308809
    },
    "ExtraTreesRegressor": {
        "MSE": 16.46648089210606,
        "Score": 96.64752287304017
    },
    "RandomForestRegressor": {
        "MSE": 13.48283849221672,
        "Score": 97.2549746392188
    },
    "GradientBoostingRegressor": {
        "MSE": 16.4670649446266,
        "Score": 96.64740396343655
    },
    "HistGradientBoostingRegressor": {
        "MSE": 496.143352405673,
        "Score": -1.0118222303690416
    },
    "MLPRegressor": {
        "MSE": 17.117280046874463,
        "Score": 96.51502405347443
    }
}